{
  "server": "hub-cloud.browserstack.com",
  "user": "sethumathavansub2",
  "key": "4bqz74WovaPetCKGByGn",

  "capabilities": {
    "browserstack.debug": true,
    "browserstack.local": true,
    "browserstack.networkLogs": true,
    "browserstack.idleTimeout": 300,
    "browserstack.console": "verbose"
  },

  "environments": {
  
    "WIN10_Chrome": {
    "os": "Windows",
    "os_version": "10",
    "browser": "Chrome",
    "browser_version": "67.0",
    "resolution": "1280x800"
    },
    
    "WIN10_Edge": {
    "os": "Windows",
    "os_version": "10",
    "browser": "Edge",
    "browser_version": "17.0",
    "resolution": "1280x800"
    },
    
    "WIN10_Firefox": {
    "os": "Windows",
    "os_version": "10",
    "browser": "Firefox",
    "browser_version": "61.0",
    "resolution": "1280x800"
    },
    
    "WIN10_IE11": {
    "os": "Windows",
    "os_version": "10",
    "browser": "IE",
    "browser_version": "11.0",
    "resolution": "1280x800"
    },
    
     "WIN7_Chrome": {
    "os": "Windows",
    "os_version": "7",
    "browser": "Chrome",
    "browser_version": "67.0",
    "resolution": "1280x800"
    },
    
    "WIN7_Firefox": {
    "os": "Windows",
    "os_version": "7",
    "browser": "Firefox",
    "browser_version": "61.0",
    "resolution": "1280x800"
    },
    
    "WIN7_IE11": {
    "os": "Windows",
    "os_version": "7",
    "browser": "IE",
    "browser_version": "11.0",
    "resolution": "1280x800"
    },
    
    "MAC_High-Sierra_Chrome": {
    "os": "OS X",
    "os_version": "High Sierra",
    "browser": "Chrome",
    "browser_version": "67.0",
    "resolution": "1280x960"
    },
    
    "MAC_High-Sierra_Safari": {
    "os": "OS X",
    "os_version": "High Sierra",
    "browser": "Safari",
    "browser_version": "11.1",
    "resolution": "1280x960"
    }
      
  } 
}