[
  {
    "line": 1,
    "elements": [
      {
        "before": [
          {
            "result": {
              "duration": 5080979307,
              "status": "passed"
            },
            "match": {
              "location": "Hook.before(Scenario)"
            }
          }
        ],
        "line": 11,
        "name": "Login into Leaftaps application (1)",
        "description": "",
        "id": "login-into-leaftaps-application;login-into-leaftaps-application-(1);;2",
        "after": [
          {
            "result": {
              "duration": 664149150,
              "status": "passed"
            },
            "match": {
              "location": "Hook.after()"
            }
          }
        ],
        "type": "scenario",
        "keyword": "Scenario Outline",
        "steps": [
          {
            "result": {
              "duration": 584654656,
              "status": "passed"
            },
            "line": 4,
            "name": "Enter username as DemoSalesManager",
            "match": {
              "arguments": [
                {
                  "val": "DemoSalesManager",
                  "offset": 18
                }
              ],
              "location": "LoginPage.typeUserName(String)"
            },
            "keyword": "Given "
          },
          {
            "result": {
              "duration": 469062033,
              "status": "passed"
            },
            "line": 5,
            "name": "Enter password as crmsfa",
            "match": {
              "arguments": [
                {
                  "val": "crmsfa",
                  "offset": 18
                }
              ],
              "location": "LoginPage.typePassword(String)"
            },
            "keyword": "And "
          },
          {
            "result": {
              "duration": 796051143,
              "status": "passed"
            },
            "line": 6,
            "name": "Click the Login button",
            "match": {
              "location": "LoginPage.clickLogin()"
            },
            "keyword": "When "
          },
          {
            "result": {
              "duration": 736704,
              "status": "passed"
            },
            "line": 7,
            "name": "Verify Login is Success",
            "match": {
              "location": "HomePage.verifyLoginSuccess()"
            },
            "keyword": "Then "
          }
        ]
      },
      {
        "before": [
          {
            "result": {
              "duration": 4275852789,
              "status": "passed"
            },
            "match": {
              "location": "Hook.before(Scenario)"
            }
          }
        ],
        "line": 22,
        "name": "Login into Leaftaps application (2)",
        "description": "",
        "id": "login-into-leaftaps-application;login-into-leaftaps-application-(2);;2",
        "after": [
          {
            "result": {
              "duration": 652700204,
              "status": "passed"
            },
            "match": {
              "location": "Hook.after()"
            }
          }
        ],
        "type": "scenario",
        "keyword": "Scenario Outline",
        "steps": [
          {
            "result": {
              "duration": 507782341,
              "status": "passed"
            },
            "line": 15,
            "name": "Enter username as DemoCSR",
            "match": {
              "arguments": [
                {
                  "val": "DemoCSR",
                  "offset": 18
                }
              ],
              "location": "LoginPage.typeUserName(String)"
            },
            "keyword": "Given "
          },
          {
            "result": {
              "duration": 504884562,
              "status": "passed"
            },
            "line": 16,
            "name": "Enter password as crmsfa",
            "match": {
              "arguments": [
                {
                  "val": "crmsfa",
                  "offset": 18
                }
              ],
              "location": "LoginPage.typePassword(String)"
            },
            "keyword": "And "
          },
          {
            "result": {
              "duration": 811581995,
              "status": "passed"
            },
            "line": 17,
            "name": "Click the Login button",
            "match": {
              "location": "LoginPage.clickLogin()"
            },
            "keyword": "When "
          },
          {
            "result": {
              "duration": 595293,
              "status": "passed"
            },
            "line": 18,
            "name": "Verify Login is Success",
            "match": {
              "location": "HomePage.verifyLoginSuccess()"
            },
            "keyword": "Then "
          }
        ]
      }
    ],
    "name": "Login into Leaftaps application",
    "description": "",
    "id": "login-into-leaftaps-application",
    "keyword": "Feature",
    "uri": "src/test/java/features/Login.feature",
    "tags": []
  }
]