<?xml version="1.0" encoding="UTF-8"?>
<!DOCTYPE suite SYSTEM "http://testng.org/testng-1.0.dtd">
<suite name="ToonixWebApp" data-provider-thread-count="1">

	<test name="Toonix_Functional_Testing_WIN10_Chrome">
		<parameter name="environment" value="WIN10_Chrome"></parameter>
		<classes>
			<class name="toonix.runner.ToonixTestRunner" />
		</classes>
	</test>

	<test name="Toonix_Functional_Testing_WIN10_Edge">
		<parameter name="environment" value="WIN10_Edge"></parameter>
		<classes>
			<class name="toonix.runner.ToonixTestRunner" />
		</classes>
	</test>

	<test name="Toonix_Functional_Testing_WIN10_Firefox">
		<parameter name="environment" value="WIN10_Firefox"></parameter>
		<classes>
			<class name="toonix.runner.ToonixTestRunner" />
		</classes>
	</test>

	<test name="Toonix_Functional_Testing_WIN7_Chrome">
		<parameter name="environment" value="WIN7_Chrome"></parameter>
		<classes>
			<class name="toonix.runner.ToonixTestRunner" />
		</classes>
	</test>

	<test name="Toonix_Functional_Testing__WIN7_Firefox">
		<parameter name="environment" value="WIN7_Firefox"></parameter>
		<classes>
			<class name="toonix.runner.ToonixTestRunner" />
		</classes>
	</test>

	<test name="Toonix_Functional_Testing_MAC_High-Sierra_Chrome">
		<parameter name="environment" value="MAC_High-Sierra_Chrome"></parameter>
		<classes>
			<class name="toonix.runner.ToonixTestRunner" />
		</classes>
	</test>

	<test name="Toonix_Functional_Testing_MAC_High-Sierra_Safari">
		<parameter name="environment" value="MAC_High-Sierra_Safari"></parameter>
		<classes>
			<class name="toonix.runner.ToonixTestRunner" />
		</classes>
	</test>
</suite>
